Id,Domanda,Risposta,Tipo-Domanda
0,A chi è demandata la valutazione dell'offerta di lavori qualora si proceda con il criterio dell'offerta economicamente più vantaggiosa?,A una commissione giudicatrice,Generazione
1,"A cosa è tenuto l'operatore economico che partecipa ad una gara, ai sensi della normativa sulla tracciabilità dei flussi finanziari?","Deve usare conti correnti postali o bancari dedicati alle commesse pubbliche, anche in via non esclusiva",Generazione
2,"A fronte dell'iniziativa di una stazione appaltante relativamente a questioni insorte durante lo svolgimento della gara stessa, l'A.N.A.C. è tenuta ad esprimere un parere:",vincolante,Completamento
3,"A norma del Codice dei contratti pubblici e degli appalti, chi si trovi in stato di fallimento può partecipare a gare pubbliche d'appalto?","No, mai",Generazione
4,A norma delle Legge 136 del 2010 chi attribuisce il Codice identificativo di gara (CIG)?,"L'Autorità di vigilanza sui contratti pubblici di lavori, servizi e forniture su richiesta della stazione appaltante",Generazione
5,A norma di quanto dispone il Codice dei contratti pubblici in quale momento le stazioni appaltanti decretano o determinano di contrarre e individuano i criteri di selezione degli operatori economici?,Prima dell'avvio delle procedure di affidamento,Generazione
6,A norma di quanto dispone il Codice dei contratti pubblici in quale momento le stazioni appaltanti decretano o determinano di contrarre?,Prima dell'avvio delle procedure di affidamento,Generazione
7,A norma di quanto dispone il Codice dei contratti pubblici in quale momento le stazioni appaltanti individuano gli elementi essenziali del contratto?,Prima dell'avvio delle procedure di affidamento,Generazione
8,A norma di quanto dispone il Codice dei contratti pubblici in quale momento le stazioni appaltanti individuano i criteri di selezione degli operatori economici?,Prima dell'avvio delle procedure di affidamento,Generazione
9,A norma di quanto dispone il Codice dei contratti pubblici in quale momento le stazioni appaltanti individuano i criteri di selezione delle offerte?,Prima dell'avvio delle procedure di affidamento,Generazione
10,A norma di quanto dispone il Codice dei contratti pubblici in quale momento le stazioni appaltanti individuano i criteri di selezione delle offerte?,Prima dell'avvio delle procedure di affidamento,Generazione
11,"A norma di quanto dispone il Codice dei contratti pubblici, in quale momento le stazioni appaltanti decretano o determinano di contrarre?",Prima dell'avvio delle procedure di affidamento,Generazione
12,A quale dei seguenti istituti può ricorrere l'operatore economico carente dei requisiti tecnico professionali ed economico finanziari richiesti per la partecipazione ad una gara d'appalto?,Avvalimento,Generazione
13,"A seguito di verifica di inadempienza nel regolare adempimento degli obblighi contrattuali del contraente generale verso i propri affidatari, il soggetto aggiudicatore:","applica una detrazione sui successivi pagamenti e procede al pagamento diretto all'affidatario, nonché applica le eventuali diverse sanzioni previste nel contratto",Completamento
14,"Ai fini del Codice dei contratti pubblici, le procedure intese a fornire alle stazioni appaltanti, nel settore dell'architettura, dell'ingegneria, del restauro e della tutela dei beni culturali e archeologici, della pianificazione urbanistica e territoriale, paesaggistica, naturalistica, geologica, del verde urbano e del paesaggio forestale agronomico, nonché nel settore della messa in sicurezza e della mitigazione degli impatti idrogeologici ed idraulici e dell'elaborazione di dati, un piano o un progetto, selezionato da una commissione giudicatrice in base a una gara, con o senza assegnazione di premi costituiscono:",I concorsi di progettazione,Completamento
15,"Ai fini del Codice dei contratti pubblici, per ""candidato"" si intende:","Un operatore economico che ha sollecitato un invito o è stato invitato a partecipare a una procedura ristretta, a una procedura competitiva con negoziazione, a una procedura negoziata senza previa pubblicazione di un bando di gara, a un dialogo competitivo o a un partenariato per l'innovazione o ad una procedura per l'aggiudicazione di una concessione",Completamento
16,"Ai fini del Codice dei contratti pubblici, per ""offerente"" si intende:",L'operatore economico che ha presentato un'offerta,Completamento
17,"Ai fini del Codice dei contratti, l'operatore economico che ha presentato un'offerta assume la denominazione di:",offerente,Completamento
18,Ai sensi del Codice dei Contratti la concessione di lavori:,è una delle tipologie di contratto utilizzabile dalle pubbliche amministrazioni,Completamento
19,"Ai sensi del Codice dei contratti pubblici, prima dell'avvio delle procedure di affidamento dei contratti pubblici, le stazioni appaltanti:","decretano o determinano di contrarre, individuando gli elementi essenziali del contratto e i criteri di selezione degli operatori economici e delle offerte",Completamento
20,"Ai sensi del Codice dei contratti, l'aggiudicazione definitiva diventa efficace:",dopo la verifica del possesso dei prescritti requisiti,Completamento
21,"Ai sensi del D.Lgs. 36/2023 Art. 140 comma 1, in circostanze di somma urgenza e senza indugio può essere disposta la immediata esecuzione dei lavori entro il limite di:",500.000 euro o di quanto indispensabile per rimuovere lo stato di pregiudizio alla pubblica e privata incolumità,Completamento
22,"Ai sensi dell'art. 101 comma 1 del D.Lgs.36/2023, in merito al soccorso istruttorio al fine di far integrare agli operatori economici la documentazione mancante , ad esclusione della documentazione che compone l'offerta tecnica e l'offerta economica, la stazione appaltante assegna un termine :",non inferiore a 5 giorni e non superiore a 10 giorni,Completamento
23,Ai sensi dell'art. 1322 c.c. le parti possono liberamente determinare:,Il contenuto del contratto,Completamento
24,"Ai sensi dell'art. 31 del D.Lgs. 36/2023, l'Anagrafe degli operatori economici, a qualunque titolo coinvolti nei contratti pubblici, è istituita presso:",l'ANAC,Completamento
25,"Ai sensi dell'art. 59 comma del D.Lgs. 36/2023 , l'accordo quadro indica:",il valore stimato dell'intera operazione contrattuale,Completamento
26,"Ai sensi dell'art. 59 comma del D.Lgs. 36/2023, l'accordo quadro :",non è ammissibile ove l'appalto consequenziale comporti modifiche sostanziali alla tipologia delle prestazioni previste nell'accordo,Completamento
27,Ai sensi dell'art. 60 comma 1 del D.Lgs. 36/2023:,nei documenti di gara iniziali delle procedure di affidamento è obbligatorio l'inserimento delle clausole di revisione prezzi,Completamento
28,Ai sensi dell'art. 60 comma 5 lettera a del D.Lgs. 36/2023 per far fronte ai maggiori oneri derivanti dalla revisione prezzi le stazioni appaltanti utilizzano:,"nel limite del 50 per cento, le risorse appositamente accantonate per imprevisti nel quadro economico di ogni intervento, fatte salve le somme relative agli impegni contrattuali già assunti",Completamento
29,Ai sensi dell'art. 8 comma 1 del D.Lgs. n. 36/2023 le Pubbliche Amministrazioni sono dotate di autonomia contrattuale e possono concludere qualsiasi contratto:,anche gratuito salvi i divieti espressamente previsti dal codice e da altre disposizioni di legge,Completamento
30,"Ai sensi dell'art. 89 comma 1 del D.Lgs. 36/2023 le stazioni appaltanti invitano simultaneamente e per iscritto, attraverso le piattaforme di approvvigionamento digitale, i candidati selezionati a presentare le rispettive offerte o a negoziare oppure a partecipare al dialogo:","nelle procedure ristrette, nel dialogo competitivo, nei partenariati per l'innovazione, nelle procedure competitive con negoziazione",Completamento
31,"Ai sensi dell'art. 90 comma 1 lettera d del D.Lgs. 36/2023, le stazioni appaltanti entro quanti giorni comunicano l'esclusione ai candidati e agli offerenti esclusi?",Entro cinque giorni dall'adozione del provvedimento,Generazione
32,"Ai sensi dell'art. 90, co. 1, lettera e, del D.Lgs. 36/2023 e s.m.i., le stazioni appaltanti entro quanti giorni comunicano la data di avvenuta stipulazione del contratto con l'aggiudicatario a tutti i candidati e concorrenti che hanno presentato un'offerta ammessa in gara?",Entro cinque giorni dall'adozione del provvedimento,Generazione
33,"Ai sensi dell'art. 90, comma 1, lettera b, del D.Lgs. 36/2023, le stazioni appaltanti entro quanti giorni comunicano l'aggiudicazione all'aggiudicatario?",Entro cinque giorni dall'adozione del provvedimento,Generazione
34,"Ai sensi dell'art. 90, comma 1, lettera c, del D.Lgs. 36/2023, le stazioni appaltanti entro quanti giorni comunicano l'aggiudicazione e il nome dell'offerente cui è stato aggiudicato l'appalto o parti dell'accordo quadro a tutti i candidati e concorrenti che hanno presentato un'offerta ammessa in gara?",Entro cinque giorni dall'adozione del provvedimento,Generazione
35,"Ai sensi dell'art. 92, co. 4, del D.Lgs. 36/2023, se nel corso della procedura di aggiudicazione la stazione appaltante richiede a un operatore economico un adempimento, per il quale non è previsto un termine , in quanto tempo deve adempiere l'operatore?",10 giorni,Generazione
36,"Ai sensi dell'art. 92, comma 2, lettera b, del D.Lgs.36/2023, i termini per la presentazione delle domande di partecipazione sono prorogati se sono apportate modifiche significative ai documenti di gara?","Sì, sempre",Generazione
37,"Ai sensi dell'art. 93 comma 2 del D.Lgs.36/2023, la Commissione giudicatrice è composta da un numero:",dispari di componenti con un massimo di cinque,Completamento
38,"Ai sensi dell'art. 93 comma3 DEL d.Lgs.36/2023, della Commissione giudicatrice può far parte il RUP?",Sì,Generazione
39,"Ai sensi dell'art. 99 comma 3 del D.Lgs.36/2023, agli operatori economici possono essere richiesti documenti che comprovano il possesso dei requisiti di partecipazione o altra documentazione utile ai fini dell'aggiudicazione, se questi possono essere acquisiti tramite interoperabilità con la piattaforma digitale nazionale dei dati?",No,Generazione
40,"Ai sensi dell'art. 99, comma 3, del D.Lgs.36/2023, agli operatori economici possono essere richiesti documenti che comprovano il possesso dei requisiti di partecipazione o altra documentazione utile ai fini dell'aggiudicazione, se questi sono già in possesso della stazione appaltante?",No,Generazione
41,"Ai sensi dell'art. 99, comma 3, del D.Lgs.36/2023, agli operatori economici possono essere richiesti documenti che comprovano il possesso dei requisiti di partecipazione o altra documentazione utile ai fini dell'aggiudicazione, se questi sono presenti nel fascicolo virtuale dell'operatore economico?",No,Generazione
42,"Ai sensi dell'art.10 del D.Lgs 36/2023 le stazioni appaltanti possono introdurre requisiti speciali, attinenti e proporzionati all'oggetto del contratto, di carattere:",economico-finanziario e tecnico-professionale,Completamento
43,"Ai sensi dell'art.55 comma 1 del D.Lgs. 36/2023, la stipulazione de contratto avviene entro:",entro trenta giorni dall'aggiudicazione,Completamento
44,"Ai sensi dell'art.87, co, 1, del D.Lgs. 36/2023 e s.m.i., il disciplinare di gara:",fissa le regole per lo svolgimento del procedimento di selezione delle offerte,Completamento
45,"Ai sensi dell'art.88, comma 1, del D.Lgs.36/2023, a decorrere dalla data di pubblicazione di un avviso o da quella di invio di un invito a confermare l'interesse i documenti di gara :","sono resi disponibili in forma digitale, in modo gratuito, illimitato e diretto",Completamento
46,"Al fine di favorire l'accesso delle microimprese, piccole e medie imprese alle gare d'appalto, le stazioni appaltanti possono:",suddividere l'appalto in lotti funzionali,Completamento
47,"Al fine di favorire l'accesso delle microimprese, piccole e medie imprese alle gare d'appalto, le stazioni appaltanti possono:",suddividere l'appalto in lotti funzionali,Completamento
48,"Al fine di soddisfare la richiesta relativa al possesso dei requisiti di carattere economico, finanziario, tecnico e professionale necessari per la partecipazione ad un appalto pubblico un operatore economico può ricorrere:",all'avvalimento,Completamento
49,All'ANAC sono attribuiti:,la vigilanza e il controllo sui contratti pubblici e l'attività di regolazione degli stessi,Completamento
50,"All'esito positivo del collaudo o della verifica di conformità, da chi è rilasciato il certificato di pagamento ai fini dell'emissione della fattura da parte dell'appaltatore?",Dal Responsabile unico del procedimento,Generazione
51,"Appalto di lavori di importo a base di gara soggetto a ribasso di 100.000 Euro, oltre 5.000 Euro per oneri di sicurezza non soggetti a ribasso. Il Concorrente aggiudicatario ha offerto il 10 % di ribasso. Quale sarà l'importo di aggiudicazione dei lavori?",95.000 Euro,Generazione
52,Che cos'è il codice CIG?,"Il codice CIG - Codice Identificativo di Gara - è il codice che identifica il singolo affidamento nell'ambito del progetto ed è divenuto ora obbligatorio, ai fini della tracciabilità dei flussi finanziari, in relazione a ciascun contratto pubblico avente ad oggetto lavori, servizi e forniture, a prescindere dall'importo dello stesso e dalla procedura di affidamento prescelta",Generazione
53,Che cos'è il codice CUP?,"Il codice CUP (Codice Unitario di Progetto) è obbligatorio solamente con riguardo ad ""ogni nuovo progetto di investimento pubblico""",Generazione
54,Che cos'è il DGUE?,È il Documento di gara unico europeo (DGUE) che consiste in un'autodichiarazione aggiornata come prova documentale preliminare in sostituzione dei certificati rilasciati da autorità pubbliche o terzi in cui il concorrente conferma le situazioni giuridiche ed i criteri di selezione fissati dal d.lgs. 50/2016 e s.m.i. al fine di partecipare a una gara d'appalto,Generazione
55,Che cos'è il DGUE?,Il Documento di gara unico europeo (DGUE) che consiste in un'autodichiarazione aggiornata come prova documentale preliminare in sostituzione dei certificati rilasciati da autorità pubbliche o terzi in cui il concorrente conferma le situazioni giuridiche ed i criteri di selezione fissati dal D.Lgs. 50/2016 e s.m.i. al fine di partecipare ad una gara d'appalto,Generazione
56,Che cos'è il DGUE?,E' il Documento di gara unico europeo (DGUE) che consiste in un'autodichiarazione aggiornata come prova documentale preliminare in sostituzione dei certificati rilasciati da autorità pubbliche o terzi in cui il concorrente conferma le situazioni giuridiche ed i criteri di selezione fissati dal D.Lgs. 50/2016 e s.m.i. al fine di partecipare ad una gara d'appalto,Generazione
57,"Che cos'è la ""Consip s.p.a.""?",E' una società in house del Ministero dell'economia e delle finanze ed opera nell'esclusivo interesse della Pubblica Amministrazione,Generazione
58,Che cos'è ordine diretto di acquisto (ODA)?,Procedura di acquisto senza negoziazione effettuata da un'amministrazione sul mercato elettronico o in convenzione accedendo al catalogo del fornitore abilitato/aggiudicatario,Generazione
59,"Che cosa si intende per ""contratti attivi"", nell'ambito del Codice dei contratti pubblici?","I ""contratti attivi"" sono quelli dai quali deriva un'entrata per lo Stato e che non producono spesa",Generazione
60,Che cosa si intende per offerta anomala negli appalti pubblici?,"Un'offerta che appare anormalmente bassa sulla base di un giudizio tecnico di congruità, serietà, sostenibilità e realizzabilità",Generazione
61,Che cosa significa l'acronimo MEPA?,Mercato Elettronico della Pubblica Amministrazione,Generazione
62,"Che cosa s'intende per ""contratti sotto soglia""?",Contratti pubblici il cui valore stimato al netto dell'IVA è inferiore alla soglia di cui alla normativa europea,Generazione
63,"Che valore ha il rating di legalità nel criterio di aggiudicazione del ""minor prezzo""?",Il rating di legalità non ha valore in relazione a questo criterio di aggiudicazione,Generazione
64,Chi è il RUP secondo quanto previsto dal codice dei contratti?,il responsabile unico del procedimento,Generazione
65,Chi formalmente procede alla valutazione delle offerte con il criterio dell'offerta economicamente più vantaggiosa?,La commissione giudicatrice,Generazione
66,Chi nomina il RUP?,La stazione appaltante,Generazione
67,Chi nomina la figura del presidente di commissione di aggiudicazione?,La stazione appaltante tra i membri della commissione,Generazione
68,Chi può fare acquisti in MEPA?,Le Amministrazioni abilitate possono acquistare i beni e servizi offerti da fornitori abilitati per valori inferiori alla soglia comunitaria,Generazione
69,Chi può partecipare ad una gara posta in essere con procedura aperta?,Ogni operatore economico interessato,Generazione
70,Chi può partecipare ad una gara posta in essere con procedura ristretta?,"Ogni operatore economico può chiedere di partecipare, ma potranno partecipare solo gli operatori invitati dalla stazione appaltante",Generazione
71,Chi può presentare i propri cataloghi nel Mercato Elettronico della Pubblica Amministrazione?,Solo i fornitori abilitati da Consip spa,Generazione
72,Chi si occupa dell'acquisizione del DURC?,Le stazioni appaltanti e gli enti aggiudicatori,Generazione
73,Chi si occupa di definire i prodotti presenti nei cataloghi del M.E.P.A.?,La Consip spa,Generazione
74,Com'è definito il collegio della commissione giudicatrice?,"Un collegio perfetto, perché ogni membro può contribuire al valore aggiunto della stessa",Generazione
75,Come è determinato il valore stimato di un appalto?,"E' basato sull'importo totale pagabile, al netto dell'IVA, dall'Amministrazione compresa qualsiasi forma di opzione e rinnovo contrattuale",Generazione
76,Come si chiamano i contratti in cui l'obbligo di prestazione o i sacrifici economici direttamente previsti nel contratto gravano solo su una o alcune delle parti contraenti?,Contratti a titolo gratuito,Generazione
77,Come si chiamano le procedure di affidamento in cui ogni operatore economico interessato può presentare un'offerta?,Procedure aperte (D.lgs. 36/2023 e s.m.i.),Generazione
78,"Come si identificano i criteri di ""qualità"" nei casi di Offerta Economica più vantaggiosa?","La qualità e il maggior pregio si basano su criteri oggettivi, quali gli aspetti qualitativi, ambientali e/o sociali, connessi all'oggetto dell'appalto",Generazione
79,Come si quantifica la garanzia nei casi di aggiudicazione ad un ribasso maggiore del 20%?,Attraverso una garanzia fideiussoria del 20% aumentata di due punti percentuali per ogni punto di ribasso superiore al 20 per cento,Generazione
80,"Come viene qualificato, secondo il Codice dei contratti, uno dei principi fondamentali per l'affidamento diretto dei servizi e forniture sottosoglia?",Il principio di rotazione degli operatori economici,Generazione
81,Con la determinazione di approvazione del bando di gara:,si prenota l'impegno di spesa,Completamento
82,Con quale atto inizia una procedura di affidamento di lavori sotto soglia comunitaria?,Determinazione a contrarre,Generazione
83,"Con riferimento al procedimento ad evidenza pubblica, la determinazione a contrattare:","Deve indicare, tra l'altro, gli elementi essenziali del futuro contratto",Completamento
84,"Con riferimento al procedimento ad evidenza pubblica, la determinazione a contrattare:","Deve indicare, tra l'altro, i criteri di selezione delle offerte",Completamento
85,"Con riferimento al procedimento ad evidenza pubblica, la determinazione a contrattare:","Deve indicare, tra l'altro, i criteri di selezione del contraente",Completamento
86,"Con riferimento al procedimento ad evidenza pubblica, la determinazione a contrattare:","Deve indicare, tra l'altro, i criteri di selezione degli operatori economici",Completamento
87,"Con riferimento al procedimento ad evidenza pubblica, la determinazione a contrattare:","Deve indicare, tra l'altro, gli elementi essenziali del contratto",Completamento
88,"Con riferimento al procedimento ad evidenza pubblica, la determinazione a contrattare:","Deve indicare, tra l'altro, i criteri di selezione delle offerte",Completamento
89,"Con riferimento al ruolo e alle funzioni del responsabile del procedimento negli appalti e nelle concessioni, quale tra le seguenti alternative NON è un compito del RUP?",Pronunciarsi sulla localizzazione e stato dell'opera,Generazione
90,"Con riferimento alle fasi delle procedure di affidamento dei contratti pubblici, l'aggiudicazione equivale ad accettazione dell'offerta?","No, non equivale ad accettazione dell'offerta",Generazione
91,"Con riferimento alle procedure per l'affidamento dei contratti pubblici di importo inferiore alle soglie di rilevanza comunitaria, in applicazione del principio di non discriminazione e di parità di trattamento le stazioni appaltanti devono garantire:",Una valutazione equa ed imparziale dei concorrenti e l'eliminazione di ostacoli o restrizioni nella predisposizione delle offerte e nella loro valutazione,Completamento
92,Cos'è il subappalto?,il contratto con il quale l'appaltatore affida a terzi l'esecuzione di parte delle prestazioni o lavorazioni oggetto del contratto di appalto,Generazione
93,Cos'è la delibera a contrarre nel sistema di formazione del contratto pubblico?,Un atto mediante il quale la P.A. manifesta la volontà di concludere un contratto,Generazione
94,Cos'è la determina a contrarre nel sistema di formazione del contratto pubblico?,Un atto mediante il quale la P.A. manifesta la volontà di concludere un contratto,Generazione
95,Cos'è la determina a contrarre?,È la determina con cui il dirigente comunale manifesta la volontà dell'Amministrazione di indire una procedura di gara e concludere un contratto,Generazione
96,Cosa è il CIG?,Un codice alfanumerico univoco e obbligatorio che identifica una gara d'appalto,Generazione
97,Cosa è il MEPA?,Mercato elettronico della pubblica amministrazione,Generazione
98,Cosa è un Accordo Quadro?,"L'Accordo Quadro consiste in un accordo, concluso tra una stazione appaltante e uno o più operatori economici, il cui scopo è quello di stabilire le condizioni base (prezzi, qualità, quantità) dei successivi appalti (specifici) che saranno aggiudicati dalle singole amministrazioni durante un dato periodo",Generazione
99,Cosa accade alla commissione di aggiudicazione nei casi in cui si ha l'esclusione di uno dei concorrenti?,"Non vi è decadenza della commissione, che rimane in carica",Generazione
100,Cosa consente di rilevare il valore dell'importo a base di gara?,Serve per rilevare il superamento delle soglie comunitarie,Generazione
101,Cosa determina la mancata costituzione della garanzia?,La decadenza dell'assegnatario,Generazione
102,Cosa devono garantire i criteri di aggiudicazione dell'appalto?,"La possibilità di una concorrenza effettiva e sono accompagnati da specifiche che consentono l'efficace verifica delle informazioni fornite dagli offerenti, al fine di valutare il grado di soddisfacimento dei criteri di aggiudicazione delle offerte",Generazione
103,Cosa di intende per CIG?,Codice Identificativo di Gara,Generazione
104,Cosa indica la Determina a contrarre?,Le modalità di gara e le clausole contrattuali essenziali,Generazione
105,Cosa si intende per CIG?,Codice Identificativo di Gara,Generazione
106,Cosa si intende per offerta economicamente più vantaggiosa?,Il miglior rapporto qualità/prezzo,Generazione
107,Cosa si intende per requisiti di partecipazione ad una gara per l'affidamento di un appalto pubblico?,Le caratteristiche tecnico-organizzative e economiche-finanziarie che l'impresa deve possedere per partecipare alla gara,Generazione
108,"Cosa s'intende per ""contratti pubblici esclusi""?",I contratti pubblici esclusi in tutto o in parte dall'applicazione del d.lgs. 50/2016 nel quale sono dettati per essi i principi generali,Generazione
109,"Cosa s'intende per ""Joint Venture""?","L'associazione tra due o più enti, finalizzata all'attuazione di un progetto o di una serie di progetti o di determinate intese di natura commerciale o finanziaria",Generazione
110,"Cosa s'intende per ""Procedure Negoziate""?",Le procedure di affidamento in cui le stazioni appaltanti consultano gli operatori economici da loro scelti e negoziano con uno o più di essi le condizioni dell'appalto,Generazione
111,Cosa s'intende per M.E.P.A. (Mercato Elettronico della Pubblica Amministrazione)?,Si tratta di un mercato selettivo on-line nel quale i fornitori offrono in maniera diretta i propri beni e servizi e le amministrazioni emettono gli ordini d'acquisto direttamente,Generazione
112,Cosa sono le Convenzioni?,"Le convenzioni sono Contratti quadro, stipulati da Consip per conto del MEF, nei quali i fornitori aggiudicatari di gare si impegnano ad accettare ordinativi emessi dalle singole Amministrazioni che hanno effettuato l'abilitazione al sistema Acquisti in Rete",Generazione
113,Cosa sono le verifiche a sorpresa in corso di esecuzione del contratto?,Verifiche della stazione appaltante non programmate,Generazione
114,Cosa verifica il DURC?,La regolarità contributiva dell'operatore economico,Generazione
115,Da quale importo risulta necessario effettuare l'acquisto di beni e servizi tramite il Mercato elettronico?,"5.000,00 euro al netto dell'IVA",Generazione
116,Di quali figure si avvale il RUP nella fase di esecuzione?,"Il RUP si avvale del direttore dei lavori, del coordinatore in materia di salute e sicurezza durante la fase di esecuzione secondo la normativa prevista nonché del collaudatore e del verificatore della conformità",Generazione
117,Di regola cosa è presente nel Progetto Esecutivo?,La certezza dei tempi e dei costi previsti,Generazione
118,Dopo l'assegnazione si arriva ad un contratto che sarà normato da:,regole di diritto privato,Completamento
119,Dopo l'assegnazione si arriva ad un contratto che sarà normato da:,regole di diritto privato,Completamento
120,Dove è pubblicato il programma biennale degli acquisti di beni e servizi nonché i relativi aggiornamenti annuali?,"È pubblicato sul profilo del committente, sul sito informatico del Ministero delle infrastrutture e dei trasporti e dell'Osservatorio dei contratti pubblici",Generazione
121,"E' possibile per le stazioni appaltanti procedere all'affidamento di lavori, servizi e forniture con il sistema dell'affidamento diretto?","Si, secondo le modalita' e i criteri stabiliti dal codice dei contratti",Generazione
122,E' sempre obbligatoria l'adozione della determina a contrarre preventivamente all'avvio delle procedure di affidamento?,"No, solo in caso di procedura negoziata e procedura aperta",Generazione
123,"Fatte salve le eccezioni di legge, il criterio per l'aggiudicazione degli appalti è:",quello dell'offerta economicamente più vantaggiosa o quello del minor prezzo,Completamento
124,"Generalmente entro quanti giorni, dalla loro trasmissione, vengono pubblicati gli avvisi e i bandi di gara?",Entro cinque giorni,Generazione
125,"Gli appalti pubblici si distinguono in attivi e passivi. Che cosa si intende per ""contratti attivi""?","I ""contratti attivi"" sono quelli dai quali deriva un'entrata per lo Stato e che non producono spesa",Generazione
126,Gli atti delle amministrazioni aggiudicatrici relativi alla programmazione di lavori e opere devono essere resi pubblici?,Si,Generazione
127,Gli atti delle amministrazioni aggiudicatrici relativi alla programmazione di servizi e forniture:,"Devono essere pubblicati nella sezione ""Amministrazione trasparente""",Completamento
128,Gli atti delle amministrazioni aggiudicatrici relativi alle procedure per l'affidamento di concorsi pubblici di progettazione devono essere resi pubblici?,Sì,Generazione
129,Gli atti relativi alle procedure per l'affidamento di concorsi di idee e di concessioni delle amministrazioni aggiudicatrici devono essere resi pubblici?,"Si, devono essere pubblicati nella sezione ""Amministrazione trasparente""",Generazione
130,Gli enti aggiudicatori possono limitare:,il numero di candidati idonei da invitare a partecipare alla procedura,Completamento
131,Gli operatori economici possono riutilizzare il DGUE utilizzato in una procedura d'appalto precedente?,"Si, purché confermino che le informazioni ivi contenute sono ancore valide",Generazione
132,"Gli operatori economici, in sede di offerta, indicano:",le parti del contratto di concessione che intendono subappaltare a terzi,Completamento
133,"I capitolati e il computo estimativo metrico, richiamati nel bando o nell'invito, fanno parte integrante del contratto?","Sì, sempre",Generazione
134,I certificati di pagamento relativi agli acconti del corrispettivo di appalto sono di norma emessi:,contestualmente all'adozione di ogni SAL e comunque entro un termine non superiore a sette giorni dall'adozione degli stessi,Completamento
135,"I concorrenti alle gare, nell'ambito della verifica del requisito di idoneità professionale, a quale dei seguenti albi/registri sono obbligati ad essere iscritti?",Registro della Camera di Commercio industria o artigianato,Generazione
136,"I contratti stipulati per iscritto tra una o più stazioni appaltanti e uno o più operatori economici aventi per oggetto l'esecuzione, oppure la progettazione esecutiva e l'esecuzione di un'opera sono:",Appalti pubblici di lavori,Completamento
137,I criteri di selezione riguardano esclusivamente:,"i requisiti di idoneità professionale, la capacità economica e finanziaria e le capacità tecniche e professionali",Completamento
138,"I documenti di gara stabiliscono i criteri di aggiudicazione dell'offerta, pertinenti:","alla natura, all'oggetto e alle caratteristiche del contratto",Completamento
139,I principali sistemi di scelta del contraente negli appalti pubblici sono:,"La procedura negoziata, la procedura ristretta e la procedura aperta",Completamento
140,"Il ""concessionario"" è:",un operatore economico cui è stata affidata o aggiudicata una concessione,Completamento
141,Il calcolo del valore stimato di un appalto misto di servizi e forniture si fonda sul valore totale dei servizi e delle forniture:,prescindendo dalle rispettive quote e tale calcolo comprende il valore delle operazioni di posa e di installazione,Completamento
142,Il codice CIG va richiesto anche per i contratti per i quali attualmente non esiste l'obbligo del versamento del contributo all'Autorità?,"Sì, è obbligatorio richiedere il codice CIG, ai fini della tracciabilità, per tutti i contratti di lavori, servizi e forniture, a prescindere dall'importo degli stessi e dalle modalità di affidamento e quindi anche per i contratti esclusi dall'obbligo del versamento del contributo in favore dell'Autorità",Generazione
143,"Il Codice degli appalti disciplina, tra le modalità di scelta del contraente, anche la procedura ristretta. Qual è normalmente il termine minimo per la ricezione delle domande di partecipazione?",Trenta giorni dalla data di trasmissione del bando di gara,Generazione
144,Il Codice degli appalti stabilisce che gli operatori economici in possesso della Certificazione UNI EN ISO 9000 possano presentare una garanzia provvisoria ridotta. A quanto ammonta tale riduzione?,Al 50%,Generazione
145,Il Codice degli appalti stabilisce che l'asta elettronica è:,"Un processo per fasi successive basato su un dispositivo elettronico di presentazione di nuovi prezzi modificati al ribasso o di nuovi valori riguardanti taluni elementi delle offerte, che interviene dopo una prima valutazione completa delle offerte permettendo che la loro classificazione possa essere effettuata sulla base di un trattamento automatico",Completamento
146,Il Codice dei contratti pubblici disciplina gli appalti:,"di servizi, forniture, lavori e opere",Completamento
147,Il Codice Identificativo di gara (CIG) viene acquisito attraverso:,la Banca dati nazionale dei contratti pubblici,Completamento
148,Il contraente può essere scelto attraverso:,"un sistema procedurale definito ""aperto""",Completamento
149,Il contratto tipico è quello:,Espressamente previsto e disciplinato dalla legge,Completamento
150,Il D.U.R.C. è:,Documento Unico Regolarità Contributiva,Completamento
151,Il dialogo competitivo è da ritenersi una procedura di scelta del contraente?,"Sì, il dialogo competitivo è una procedura di scelta del contraente",Generazione
152,Il diritto d'accesso agli atti delle procedure di affidamento e di esecuzione dei contratti...,"È ammesso e trova applicazione la l.241/90, salvo quanto stabilito dal d.lgs. 50/2016",Completamento
153,Il Documento di gara unico europeo (DGUE) è:,"un'autodichiarazione dell'impresa sulla propria situazione finanziaria, sulle proprie capacita' e sulla propria idoneita' per una procedura di appalto pubblico",Completamento
154,Il Fornitore che nomina l'Operatore Delegato:,"si assume ogni responsabilità con riferimento alla scelta, alla nomina ed all'attività svolta da quest'ultimo",Completamento
155,Il mercato elettronico:,è uno strumento di acquisto e di negoziazione che consente acquisti telematici per importi inferiori alla soglia di rilievo europeo,Completamento
156,Il nominativo del responsabile del procedimento è indicato nel bando o avviso con cui si indice la gara?,"Si, sempre",Generazione
157,Il nominativo del RUP deve essere indicato nel bando o avviso con cui si indice la gara per l'affidamento del contratto di servizi e forniture?,"Si, obbligatoriamente",Generazione
158,Il nominativo del RUP:,"è indicato nel bando o avviso con cui si indice la gara per l'affidamento del contratto di lavori, servizi, forniture, ovvero, nelle procedure in cui non vi sia bando o avviso con cui si indice la gara, nell'invito a presentare un'offerta",Completamento
159,Il pregio tecnico è un valore che è tipico di un'offerta che ha come criterio di aggiudicazione:,l'offerta economicamente più vantaggiosa,Completamento
160,Il procedimento di formazione di un contratto ad evidenza pubblica si avvia generalmente:,Con la determinazione a contrarre,Completamento
161,Il progetto di fattibilità:,"è redatto sulla base dell'avvenuto svolgimento di indagini geologiche, idrogeologiche, idrologiche, idrauliche, geotecniche, sismiche, storiche, paesaggistiche ed urbanistiche, di verifiche preventive dell'interesse archeologico, di studi preliminari sull'impatto ambientale",Completamento
162,Il programma biennale di forniture e servizi e i relativi aggiornamenti annuali:,Definisce gli acquisti di beni e di servizi di importo unitario stimato pari o superiore a 40.000 euro,Completamento
163,Il programma degli acquisti di beni e servizi deve avere frequenza:,biennale,Completamento
164,Il programma dei lavori pubblici deve avere frequenza:,triennale,Completamento
165,Il programma triennale dei lavori pubblici e i relativi aggiornamenti annuali contengono i lavori il cui valore stimato:,E' superiore a 100.000 Euro,Completamento
166,Il Punto Ordinante agisce:,esclusivamente in nome e per conto del Soggetto Aggiudicatore di appartenenza cui è associato,Completamento
167,"Il responsabile unico del procedimento, nell'ambito dei contratti pubblici non può...",Esprimere pareri relativamente a questioni insorte nell'ambito di una procedura di gara,Completamento
168,Il Soggetto Aggiudicatore richiede l'abilitazione e opera nell'ambito del Sistema di e-Procurement attraverso:,il Punto Ordinante,Completamento
169,Il subappalto consiste:,nel contratto con il quale l'appaltatore affida a terzi l'esecuzione di parte delle prestazioni o lavorazioni oggetto del contratto di appalto,Completamento
170,"Il termine ""consorzio"" si riferisce ai consorzi previsti dall'ordinamento:",con o senza personalità giuridica,Completamento
171,"In applicazione del principio di correttezza, le stazioni appaltanti devono garantire:","una condotta leale ed improntata a buona fede, sia nella fase di affidamento sia in quella di esecuzione",Completamento
172,"In applicazione del principio di rotazione ed ai sensi dell'art.49 comma 2 del D.Lgs. 36/2023, è vietato l'affidamento o l'aggiudicazione di un appalto al contraente uscente nei casi in cui:",due consecutivi affidamenti abbiano a oggetto una commessa rientrante nello stesso settore merceologico o stessa categoria di opere o settore di servizi,Completamento
173,In applicazione di quale principio le stazioni appaltanti devono garantire l'effettiva contendibilità degli affidamenti da parte dei soggetti potenzialmente interessati?,In applicazione del principio di libera concorrenza,Generazione
174,In applicazione di quale principio le stazioni appaltanti devono garantire l'uso ottimale delle risorse da impiegare nello svolgimento della selezione ovvero nell'esecuzione del contratto?,In applicazione del principio di economicità,Generazione
175,"In base al Codice degli Appalti, i controlli sulla veridicità delle dichiarazioni fornite in sede di presentazione dell'offerta vengono effettuati d'ufficio:",sull'aggiudicatario e sul concorrente che lo segue in graduatoria,Completamento
176,"In base alla normativa vigente in materia di lavori pubblici, quale delle seguenti affermazioni riferite al collaudo finale è corretta?","Deve essere effettuato non oltre 6 mesi dopo l'ultimazione dei lavori, salvo casi particolari",Generazione
177,"In base alla normativa vigente in materia di lavori pubblici, quali sono le modalità di svincolo della garanzia definitiva costituita dall'esecutore dei lavori?","La garanzia è progressivamente svincolata a misura dell'avanzamento dell'esecuzione, nel limite massimo dell'80% dell'iniziale importo garantito, senza necessità di nulla osta del committente, ma con preventiva consegna degli stati di avanzamento lavori o documenti analoghi, attestanti l'avvenuta esecuzione",Generazione
178,"In base alla normativa vigente sugli appalti di lavori pubblici, l'appaltatore, per la sottoscrizione del contratto, è tenuto a costituire:",una garanzia definitiva del 10 per cento dell'importo contrattuale,Completamento
179,"In base alla normativa vigente, nell'affidamento diretto di un servizio dell'importo di 30.000,00 euro, quanti operatori economici vanno consultati come minimo?",1 operatore,Generazione
180,"In base alla normativa vigente, nell'affidamento diretto di un servizio dell'importo di 35.000,00 euro, quanti operatori economici vanno consultati come minimo?",1 operatore,Generazione
181,"In base alla normativa vigente, nell'affidamento diretto di un servizio dell'importo di 39.999,99 euro, quanti operatori economici vanno consultati come minimo?",1 operatore,Generazione
182,"In caso di asta elettronica, le offerte presentate da offerenti che non possiedono la qualificazione necessaria e le offerte il cui prezzo supera l'importo posto dalle stazioni appaltanti a base di gara (stabilito e documentato prima dell'avvio della procedura di appalto) sono considerate:",Inaccettabili,Completamento
183,"In caso di mancata nomina del RUP da parte della Stazione Appaltante, nell'atto di avvio dell'intervento pubblico, ai sensi dell'art. 15 comma 2 del D.Lgs. 36/2023, l'incarico è svolto :",dal responsabile dell'unità organizzativa competente per l'intervento,Completamento
184,In caso di procedura aperta:,qualsiasi operatore economico interessato può presentare un'offerta in risposta a un avviso di indizione di gara,Completamento
185,"In caso di proroga dei termini di presentazione delle offerte è consentito agli operatori economici che hanno già presentato l'offerta di ritirarla ed eventualmente sostituirla ai sensi dell'art. 92, co 3, del D.Lgs.36/2023?","Sì, sempre",Generazione
186,In che casi si fa ricorso al M.E.P.A.?,Solo per gli acquisti al di sotto della soglia comunitaria,Generazione
187,In che documento della P.A. sono presenti le modalità di aggiudicazione?,nella Determina a contrattare,Generazione
188,In che documento della P.A. sono presenti le modalità di aggiudicazione?,Nella Determina,Generazione
189,In che relazione si pone l'affidamento in house rispetto alla disciplina degli appalti pubblici?,È un affidamento diretto senza gara,Generazione
190,In cosa consta la garanzia di riservatezza e di integrità in capo alla stazione appaltante?,Nel fatto che la stazione appaltante garantisce che l'integrità dei dati e la riservatezza delle offerte e delle domande di partecipazione siano mantenute,Generazione
191,"In fase di selezione delle offerte, la commissione giudicatrice, composta da esperti nello specifico settore cui afferisce l'oggetto del contratto, è costituta da:","un numero dispari di commissari, non superiore a cinque, individuati dalla stazione appaltante. Di regola, la commissione giudicatrice lavora a distanza con procedure telematiche che salvaguardino la riservatezza delle comunicazioni",Completamento
192,In materia di appalti dei servizi sociali si devono ritenere estranee al codice degli appalti:,Unicamente le procedure di accreditamento c.d. libero e le procedure di co-progettazione e partenariato finalizzate a rapporti puramente gratuiti,Completamento
193,"In materia di appalti di servizi sociali, con riferimento alla disciplina della pubblicazione degli avvisi e dei bandi, gli enti aggiudicatori che intendono procedere all'aggiudicazione di un appalto per tali servizi, in che modo rendono nota tale intenzione?","Tra l'altro mediante un avviso periodico indicativo, che viene pubblicato in maniera continuativa",Generazione
194,In quale dei casi di seguito indicati le Amministrazioni pubbliche possono decidere di non procedere all'aggiudicazione?,Se nessuna delle offerte ricevute risulti conveniente o idonea in relazione all'oggetto del contratto,Generazione
195,In quale dei casi di seguito indicati le Amministrazioni Pubbliche possono decidere di non procedere all'aggiudicazione?,Nel caso in cui nessuna delle offerte ricevute risulti conveniente o idonea in relazione all'oggetto del contratto,Generazione
196,In quale dei citati sistemi di scelta del contraente qualsiasi operatore economico può presentare una domanda di partecipazione in risposta ad un avviso di indizione di una gara fornendo le informazioni richieste dall'amministrazione aggiudicatrice ai fini della selezione qualitativa?,Procedura ristretta,Generazione
197,"In quali casi la Determina a contrarre prevede l'inserimento di un ""obbligo di motivazione"" più ampio?","Nei casi in cui l'Amministrazione dia il via ad una procedura negoziata, al fine di motivare la scelta di questo tipo di procedura",Generazione
198,"In quali casi la Determina prevede l'inserimento di un ""obbligo di motivazione"" più ampio?","Nei casi in cui l'Amministrazione dia il via ad una procedura negoziata, al fine di motivare la scelta di questo tipo di procedura",Generazione
199,In quali casi le Stazioni appaltanti possono procedere ad un affidamento diretto?,Solo nel caso in cui l'importo dell'affidamento sia inferiore ai 40.000 euro e con una adeguata motivazione,Generazione
200,"In riferimento all'art. 93, co. 1, del D.Lgs.36/2023, ai fini della selezione della migliore offerta nelle procedure di aggiudicazione di contratti di appalti con il criterio dell'offerta economicamente più vantaggiosa, dopo la scadenza del termine per la presentazione delle offerte, è nominata una commissione giudicatrice la quale svolge anche attività di supporto per la verifica dell'anomalia?","Sì, Su richiesta del RUP",Generazione
201,Indicare il corretto ordine delle fasi in cui si articola la procedura ad evidenza pubblica.:,Determinazione a contrattare - pubblicazione del bando di gara - scelta del contraente - aggiudicazione e stipula del contratto - approvazione ed eventuali controlli,Completamento
202,"Indicare quale tra le seguenti opzioni di risposta descrive un elemento delle ""Procedure competitive con negoziazione"":","La 1°fase di tali procedure coincide con le Procedure ristrette, ai fini della presentazione delle offerte iniziali",Completamento
203,"Indicare, tra le seguenti opzioni di risposta, la corretta definizione di ""Aste elettroniche"":","Esse generano un processo per fasi successive, di presentazione di nuovi prezzi, modificati al ribasso o di nuovi valori riguardanti taluni elementi delle offerte, successivo a una prima valutazione completa delle offerte, la cui classificazione può essere effettuata sulla base di un trattamento automatico",Completamento
204,"Indicare, tra le seguenti opzioni di risposta, la corretta definizione di ""Cataloghi elettronici"".:","Sistemi di presentazione delle offerte sotto forma di o che includano un catalogo elettronico, eventualmente corredate di altri documenti, a completamento dell'offerta",Completamento
205,"Indicare, tra le seguenti opzioni di risposta, la corretta definizione di ""Mercato Elettronico"".:",Strumento di acquisto e di negoziazione per importi sotto soglia che attua procedure di scelta del contraente interamente gestite per via telematica,Completamento
206,"Indicare, tra le seguenti opzioni di risposta, la corretta definizione di ""Mercato Elettronico"":",Strumento di acquisto e di negoziazione per importi sotto soglia che attua procedure di scelta del contraente interamente gestite per via telematica,Completamento
207,"Indicare, tra le seguenti opzioni di risposta, la corretta definizione di ""Procedure Aperte"".:",Procedure di affidamento per le quali ogni operatore economico interessato può presentare un'offerta in risposta ad un avviso di indizione di gara,Completamento
208,"Indicare, tra le seguenti opzioni di risposta, la corretta definizione di ""Procedure Negoziate"".:",Procedure di affidamento in cui le stazioni appaltanti consultano gli operatori economici da loro scelti e negoziano con uno o più di essi le condizioni dell'appalto,Completamento
209,"Indicare, tra le seguenti opzioni di risposta, la corretta definizione di ""Procedure Ristrette"".:","Procedure di affidamento per le quali ogni operatore economico può presentare domanda di partecipazione, in risposta a un avviso, fornendo le informazioni richieste ai fini della valutazione qualitativa e in cui possono presentare offerta gli operatori economici giudicati idonei e invitati",Completamento
210,"Indicare, tra le seguenti opzioni di risposta, la corretta definizione di ""Sistema Dinamico di Acquisizione"":","Processo per acquisti di uso corrente, le cui caratteristiche generalmente disponibili sul mercato soddisfano le esigenze di una stazione appaltante, anche sopra soglia",Completamento
211,"La ""Determina a contrarre"" è:",un atto formalmente necessario per la Stazione appaltante,Completamento
212,"La ""Determina"" è:",un atto formalmente necessario per la Stazione appaltante,Completamento
213,"La ""procedura ristretta"" consiste:",in una procedura di affidamento alla quale ogni operatore economico può chiedere di partecipare e in cui possono presentare un'offerta soltanto gli operatori economici invitati dalle stazioni appaltanti,Completamento
214,La Banca Dati Nazionale dei Contratti Pubblici è gestita da:,ANAC,Completamento
215,"La capacità tecnica del prestatore d'opera può essere soggetta ai criteri di valutazione in caso di aggiudicazione al ""minor prezzo""?","L'unico criterio di aggiudicazione è il prezzo più basso, quindi la risposta è no",Generazione
216,La commissione aggiudicatrice deve:,lavorare con il plenum dei suoi componenti,Completamento
217,La commissione di aggiudicazione deve essere composta:,da non più di 5 membri,Completamento
218,"La commissione di valutazione, nell'ambito delle procedure di appalto pubblico:","E' costituta da un numero dispari di commissari, non superiore a cinque",Completamento
219,"La consegna dei lavori è effettuata dal Direttore dei lavori, previa disposizione:",del RUP,Completamento
220,"La domanda di partecipazione, ai sensi dell'art. 91, comma 2, del D.Lgs.36/2023, contiene :","gli elementi di identificazione del concorrente e l'indicazione della forma giuridica con la quale si presenta in gara, l'eventuale dichiarazione della volontà di avvalersi di impresa ausiliaria, nonché l'indicazione dei dati e dei documenti relativi ai requisiti speciali di partecipazione",Completamento
221,La durata dei contratti pubblici è presente:,nella Determina a contrattare,Completamento
222,La durata della nomina dei Punti Istruttori è stabilita:,dal Soggetto Aggiudicatore che l'ha nominato,Completamento
223,La durata delle concessioni è:,limitata,Completamento
224,La durata delle concessioni è:,limitata e determinata nel bando di gara dall'amministrazione aggiudicatrice o dall'ente aggiudicatore in funzione dei lavori o servizi richiesti al concessionario,Completamento
225,"La fase finale della procedura di scelta, da parte di una Pubblica Amministrazione, di un contraente mediante procedura aperta si chiama:",aggiudicazione,Completamento
226,La forma è:,Un elemento essenziale del contratto se previsto dalla legge a pena di nullita',Completamento
227,"La gara a ""procedura negoziata"" può essere utilizzata anche senza previa pubblicazione?",Solo nei casi espressamente prevista dalla legge,Generazione
228,La garanzia definitiva che l'appaltatore è obbligato a costituire può essere costituita anche mediante fideiussione assicurativa?,Si,Generazione
229,La garanzia definitiva che l'appaltatore è obbligato a costituire può essere costituita anche mediante fideiussione bancaria?,Si,Generazione
230,"La garanzia fideiussoria, denominata ""garanzia provvisoria"", presentata dal partecipante a corredo della propria offerta in sede di gara, è pari al:",2% dell'importo a base d'asta,Completamento
231,La P.A. può recedere da un contratto qualora...,Sia previsto dalla legge o dal contratto medesimo,Completamento
232,La procedura di stipula di un contratto ha inizio con la determina (o decreto) a contrattare. Tale atto:,"Deve riportare, tra l'altro, i criteri di selezione del contraente",Completamento
233,La procedura di stipula di un contratto pubblico ha inizio con la determina (o decreto) a contrarre. La determina a contrarre:,"Deve indicare, tra l'altro, i criteri di selezione delle offerte",Completamento
234,La procedura di stipula di un contratto pubblico ha inizio con la determina (o decreto) a contrarre. La determina a contrarre:,"Deve indicare, tra l'altro, quanto indicato nelle altre alternative di risposta",Completamento
235,La procedura di stipula di un contratto pubblico ha inizio con la determina (o decreto) a contrarre. La determina a contrarre:,"Deve indicare, tra l'altro, quanto indicato nelle altre alternative di risposta",Completamento
236,La progettazione in materia di lavori pubblici si articola secondo tre livelli di successivi approfondimenti tecnici:,"progetto di fattibilità tecnica ed economica, progetto definitivo e progetto esecutivo",Completamento
237,"La progettazione in materia di lavori pubblici, si articola in due livelli, come indicato all'art.41 del D.Lgs. 36/2023. Quali sono?",Il progetto di fattibilità tecnico-economica e il progetto esecutivo,Generazione
238,La proposta di aggiudicazione:,è soggetta ad approvazione dell'organo competente secondo l'ordinamento della stazione appaltante e nel rispetto dei termini dallo stesso previsti,Completamento
239,La Pubblica Amministrazione può scegliere i propri contraenti attraverso una procedura ristretta. Tale procedura consiste in una gara:,riservata a coloro che siano stati invitati a partecipare dalla stessa Pubblica Amministrazione,Completamento
240,La Pubblica Amministrazione può stipulare contratti?,Sì,Generazione
241,La pubblicazione dei bandi sotto soglia sulla Gazzetta Ufficiale dell'Unione Europea:,non è obbligatoria,Completamento
242,"La sigla RUP, nell'ambito del Codice dei contratti pubblici, indica il __________"": quale risposta completa correttamente la frase?",responsabile unico del progetto,Generazione
243,"La sigla RUP, nell'ambito del Codice dei contratti pubblici, indica:",il responsabile unico del progetto,Completamento
244,La società Consip è sottoposta al controllo:,Della Corte dei Conti perché azienda che opera con risorse esclusivamente pubbliche,Completamento
245,"La soglia di rilevanza comunitaria prevista dal Codice dei contratti pubblici per gli appalti di servizi e forniture, per l'anno 2022 è di:",€ 140.000 o € 215.000 a seconda dell'amministrazione aggiudicatrice,Completamento
246,La sospensione del contratto da chi può essere disposta?,"Dal RUP per ragioni di necessità o di pubblico interesse, tra cui l'interruzione di finanziamenti per esigenze sopravvenute di finanza pubblica, disposta con atto motivato delle amministrazioni competenti",Generazione
247,La sospensione del contratto da chi può essere disposta?,"Dal RUP per ragioni di necessità o di pubblico interesse, tra cui l'interruzione di finanziamenti per esigenze sopravvenute di finanza pubblica, disposta con atto motivato delle amministrazioni competenti",Generazione
248,La stazione appaltante o l'ente concedente può indire il dibattito pubblico ai sensi dell'art. 40 comma 1 del D.Lgs. 36/2023?,"Sì, ove ne ravvisi l'opportunità",Generazione
249,La stipulazione dei contratti pubblici segue:,le regole del diritto privato,Completamento
250,La stipulazione dei contratti pubblici segue:,le regole del diritto privato,Completamento
251,La Trattativa Diretta sul MEPA:,E' una modalita' di negoziazione prevista dal Codice degli Appalti Pubblici (D. Lgs. 50/2016) che consente all'interno del MEPA di negoziare direttamente con un unico operatore economico,Completamento
252,"La vigilanza e il controllo sui contratti pubblici e l'attività di regolazione degli stessi, sono attribuiti, nei limiti di quanto stabilito dal codice dei contratti pubblici:",All'Autorità nazionale anticorruzione (ANAC),Completamento
253,"L'affidamento e l'esecuzione di appalti e concessioni si svolge, tra gli altri, nel rispetto del principio di:",economicità,Completamento
254,L'aggiudicazione del contratto:,diventa efficace a seguito della verifica del possesso dei requisiti prescritti nel bando,Completamento
255,"L'amministrazione aggiudicatrice o ente aggiudicatore che affida contratti di concessione di lavori o di servizi e che è comunque tenuto, nella scelta del contraente, al rispetto del D.Lgs. 36/2023 e s.m.i., si chiama:",ente concedente,Completamento
256,L'ANAC garantisce la promozione dell'efficienza e della qualità dell'attività delle stazioni appaltanti attraverso:,"linee guida, bandi-tipo, capitolati-tipo, contratti-tipo ed altri strumenti di regolazione flessibile, comunque denominati",Completamento
257,"L'appaltatore, per la sottoscrizione del contratto:","deve costituire una garanzia denominata ""garanzia definitiva""",Completamento
258,L'approvazione di un contratto per lavori pubblici deve essere assunta:,con determina del responsabile del servizio,Completamento
259,L'attività svolta dai Punti Istruttori ha:,carattere meramente interno rispetto al Soggetto Aggiudicatore di pertinenza,Completamento
260,"Le ""amministrazioni aggiudicatrici"" sono:","le amministrazioni dello Stato; gli enti pubblici territoriali; gli altri enti pubblici non economici; gli organismi di diritto pubblico; le associazioni, unioni, consorzi, comunque denominati, costituiti da detti soggetti",Completamento
261,Le amministrazioni abilitate possono concludere accordi specifici dopo gli accordi quadri?,"Si, queste provvedono a negoziare i singoli contratti",Generazione
262,Le Amministrazioni abilitate possono fare acquisti in MEPA al di sopra di un milione di euro?,"No, gli acquisti in MEPA devono essere fatti al di sotto la soglia minima comunitaria",Generazione
263,Le Amministrazioni aggiudicatrici adottano:,"il programma biennale degli acquisti di beni e servizi e il programma triennale dei lavori pubblici, nonché i relativi aggiornamenti annuali",Completamento
264,Le amministrazioni aggiudicatrici sono tenute ad adottare il programma biennale degli acquisti di beni e servizi?,Si,Generazione
265,Le attività principali della commissione di aggiudicazione sono?,Attività di natura tecnica relativa alla valutazione delle offerte presentate,Generazione
266,Le capacità tecniche e professionali:,"sono attinenti e proporzionate all'oggetto dell'appalto, tenendo presente l'interesse pubblico ad avere il più ampio numero di potenziali partecipanti, nel rispetto dei principi di trasparenza e rotazione",Completamento
267,Le cause di esclusione degli operatori economici di cui agli artt. 94 e 95 del D.Lgs. n.36/2023:,sono tassative,Completamento
268,Le centrali di committenza sono tenute:,all'osservanza del codice degli appalti,Completamento
269,"Le informazioni e i dati relativi alla programmazione di lavori, servizi e forniture, nonché alle procedure del ciclo di vita dei contratti pubblici , ai sensi dell'art. 28 comma 1 D.Lgs.36/2023, sono trasmessi tempestivamente:",alla Banca dati nazionale dei contratti pubblici,Completamento
270,Le procedure alle quali ogni operatore economico può chiedere di partecipare e in cui possono presentare un'offerta soltanto gli operatori economici invitati dalle stazioni appaltanti sono denominate procedure:,ristrette,Completamento
271,Le procedure di affidamento alle quali ogni operatore economico puo' chiedere di partecipare e in cui possono presentare un'offerta soltanto gli operatori economici invitati dalle stazioni appaltanti si definiscono come...,Procedure ristrette,Completamento
272,Le procedure di affidamento dei contratti pubblici devono aver luogo nel rispetto degli atti di programmazione delle stazioni appaltanti?,Si,Generazione
273,Le procedure di affidamento dei contratti pubblici possono disattendere gli atti di programmazione delle stazioni appaltanti?,"No, le procedure di affidamento devono aver luogo nel rispetto degli atti di programmazione",Generazione
274,"Le procedure di affidamento dei servizi sociali contemplate nel Codice del terzo settore (in particolare, accreditamento, co-progettazione e partenariato)...","Sono soggette al Codice dei contratti pubblici, al fine di tutelare la concorrenza anche fra enti del terzo settore, ove il servizio sia prospetticamente svolto dall'affidatario in forma onerosa",Completamento
275,Le procedure negoziate sono:,le procedure in cui le stazioni appaltanti consultano gli operatori economici da loro scelti e negoziano con uno o più di essi le condizioni dell'appalto,Completamento
276,Le soglie comunitarie previste dal codice dei contratti sono al lordo o al netto degli oneri fiscali?,Le soglie sono al netto dell'imposta del valore aggiunto,Generazione
277,"Le stazioni appaltanti , ai sensi dell'art.59 comma 1 del D.Lgs. 36/2023, possono concludere accordi quadro di durata non superiore :","a quattro anni, salvo casi eccezionali debitamente motivati",Completamento
278,Le stazioni appaltanti individuano gli elementi essenziali del contratto:,Prima dell'avvio delle procedure di affidamento,Completamento
279,Le stazioni appaltanti possono ricorrere ad una centrale di committenza ubicata in altro Stato membro dell'Unione europea?,"Sì, solo per le attività di centralizzazione delle committenze svolte nella forma di acquisizione centralizzata di forniture e/o servizi a stazioni appaltanti",Generazione
280,"Le stazioni appaltanti, ai sensi dell'art. 15 comma 6 del D.Lgs. 36/2023, possono istituire una struttura di supporto al RUP e destinare risorse finanziarie per l'affidamento diretto da parte del RUP di incarichi di assistenza al medesimo, non superiori a quale percentuale rispetto alla base d'asta?",1%,Generazione
281,L'efficacia della nomina dei Punti Istruttori cessa:,al cessare della Abilitazione del Soggetto Aggiudicatore che l'ha nominato,Completamento
282,L'esecuzione del contratto è controllata:,"dal responsabile unico del procedimento, congiuntamente al direttore dei lavori, per i lavori, o dal direttore dell'esecuzione del contratto, per i servizi e le forniture",Completamento
283,L'esecuzione del contratto:,"può avere inizio solo dopo che lo stesso è divenuto efficace, salvo che, in casi di urgenza, la stazione appaltante ne chieda l'esecuzione anticipata, nei modi e alle condizioni previste al co. 8 del citato articolo",Completamento
284,L'importanza della programmazione per l'acquisizione di beni e servizi è stata definitivamente riconosciuta:,dal D.Lgs.vo 50/2016,Completamento
285,L'importo a base di gara:,rileva per il calcolo della cauzione provvisoria,Completamento
286,L'incompletezza del DGUE presentato da un concorrente può essere sanata mediante il soccorso istruttorio?,"Si, sempre",Generazione
287,"L'offerta è corredata da una garanzia fideiussoria, denominata ""garanzia provvisoria"" pari:","Al 2% del prezzo base indicato nel bando o nell'invito, sotto forma di cauzione o di fideiussione, a scelta dell'offerente",Completamento
288,L'offerta presentata in fase di gara è vincolante per il concorrente?,"Si, è vincolante per il periodo indicato nel bando o nell'invito e, in caso di mancata indicazione, per centottanta giorni dalla scadenza del termine per la sua presentazione",Generazione
289,"L'operatore economico che intende partecipare ad una procedura per l'aggiudicazione di un appalto utilizza la piattaforma di approvvigionamento digitale messa a disposizione dalla stazione appaltante per compilare quali atti ai sensi dell'art. 91, comma 1, del D.Lgs.36/2023?",La domanda di partecipazione; il documento di gara unico europeo; l'offerta; ogni altro documento richiesto per la partecipazione alla procedura di gara,Generazione
290,Negli affidamenti dei contratti sotto soglia il principio della rotazione degli inviti e degli affidamenti...,Deve essere applicato in ogni caso,Completamento
291,"Negli appalti di lavori , la stazione appaltante può stabilire che il contratto abbia per oggetto la progettazione esecutiva e l'esecuzione di lavori sulla base di un progetto di fattibilità tecnico-economica approvato. L'art. 44 del D.Lgs.36/2023 stabilisce che tale facoltà non può essere esercitata per gli appalti di opere di:",manutenzione ordinaria,Completamento
292,Negli appalti pubblici la nomina della commissione di gara:,è effettuata dopo la scadenza del termine fissato per la presentazione delle offerte,Completamento
293,"Nei casi di aggiudicazione attraverso il criterio del ""minor prezzo"" ha valore di aggiudicazione un'analisi tecnica relativa al maggior pregio?","No, l''unico criterio di aggiudicazione è il prezzo più basso",Generazione
294,Nei contratti misti comprendenti in parte servizi e in parte forniture l'oggetto principale:,è determinato in base al valore stimato più elevato tra quelli dei rispettivi servizi o forniture,Completamento
295,Nei documenti di gara delle procedure competitive con negoziazione le amministrazioni aggiudicatrici devono indicare i requisiti minimi che tutti gli offerenti devono soddisfare?,Sì,Generazione
296,"Nel calcolo del valore stimato di un appalto di lavori, servizi e/o forniture deve tenersi conto:","dell'importo massimo stimato, al netto dell' IVA, compresi eventuali opzioni o rinnovi del contratto esplicitamente previsti nei documenti di gara",Completamento
297,"Nel caso di lavori, forniture o servizi, nell'offerta devono essere specificate le categorie di lavori o le parti del servizio o della fornitura che saranno eseguite dai singoli operatori economici riuniti o consorziati?","Sì, in base a quanto espressamente stabilito dal d.lgs. 50/2016",Generazione
298,"Nel caso di lavori, per raggruppamento temporaneo di tipo verticale s'intende una riunione di operatori economici nell'ambito della quale uno di essi:",realizza i lavori della categoria prevalente,Completamento
299,"Nel caso di un appalto per lavori di importo inferiore a un milione di euro, la verifica preventiva della progettazione è effettuata dal:",Responsabile unico del procedimento,Completamento
300,"Nel codice dei contratti come viene qualificata la persona fisica o giuridica che offre sul mercato la realizzazione di lavori o opere, la fornitura di prodotti o la prestazione di servizi?",Operatore economico,Generazione
301,"Nel fissare i requisiti di partecipazione e i criteri di valutazione delle gare, le stazioni appaltanti devono tenere conto delle realtà imprenditoriali di minori dimensioni?","Si, lo prevede espressamente il Codice dei contratti pubblici senza rinunciare al livello qualitativo delle prestazioni",Generazione
302,"Nel mercato elettronico della Pubblica Amministrazione (MePA), le tipologie di beni e servizi sono classificate in:",Appositi bandi,Completamento
303,"Nel mercato elettronico della Pubblica Amministrazione (MePA), tramite RDO (richiesta di offerta) le stazioni appaltanti possono acquistare beni o servizi utilizzando lo strumento:","dell'affidamento diretto, della procedura aperta, della procedura negoziata o della procedura negoziata con un solo operatore",Completamento
304,"Nel rispetto della disciplina comunitaria in materia di appalti pubblici, al fine di favorire l'accesso delle piccole e medie imprese, le stazioni appaltanti devono, ove possibile ed economicamente conveniente, suddividere gli appalti in:",Lotti funzionali,Completamento
305,Nella Determina a contrarre sono presenti gli importi della base di gara?,Sono una parte essenziale di questa,Generazione
306,Nella procedura ad evidenza pubblica di un appalto pubblico indicare il corretto ordine delle fasi.:,"Determinazione a contrattare, pubblicazione bando di gara, scelta del contraente, aggiudicazione, stipula del contratto",Completamento
307,"Nell'affidamento a contraente generale, il soggetto aggiudicatore provvede:",alla nomina del direttore dei lavori e dei collaudatori,Completamento
308,Nell'ambito degli appalti pubblici con l'acronimo M.E.P.A. Si intende:,Indicare il Mercato Elettronico per la Pubblica Amministrazione messo a disposizione dalla CONSIP SPA per gli acquisti inferiori alle soglie comunitarie (art 35 D.Lgs 50/16)da parte della Pubblica Amministrazione,Completamento
309,Nell'ambito del Codice dei contratti pubblici (D.lgs. 36/2023 e s.m.i.) che cosa indica l'acronimo RUP?,Il responsabile unico del progetto,Generazione
310,Nell'ambito del Codice dei contratti pubblici (D.lgs. 36/2023 e s.m.i.) chi è il RUP?,Il responsabile unico del progetto,Generazione
311,"Nell'ambito del Codice dei contratti, le ""procedure aperte"" sono quelle procedure di affidamento in cui:",ogni operatore economico interessato può presentare un'offerta,Completamento
312,"Nell'ambito del collaudo e verifica di conformità, chi controlla l'esecuzione del contratto per i lavori?",Il responsabile unico del procedimento congiuntamente al direttore dei lavori,Generazione
313,"Nell'ambito del MePa, quale delle seguenti affermazioni è vera?","La RDO (Richiesta di Offerta) serve a consentire alle stazioni appaltanti, che intendono o sono tenute ad approvvigionarsi sul MEPA, di acquistare beni o servizi di valore inferiore alla soglia comunitaria",Generazione
314,"Nell'ambito della normativa del diritto amministrativo, in particolare secondo il Codice degli appalti, le procedure negoziate sono quelle in cui:",le stazioni appaltanti consultano gli operatori economici da loro scelti e negoziano con uno o più di essi le condizioni dell'appalto,Completamento
315,"Nell'ambito delle procedure ad evidenza pubblica il ""soccorso istruttorio"" è lo strumento che:",Consente di sanare le carenze di qualsiasi elemento formale della domanda,Completamento
316,Nell'ambito delle procedure di affidamento di un appalto pubblico con il bando di gara la pubblica amministrazione:,Indice le procedure di scelta del contraente,Completamento
317,Nell'ambito delle procedure di affidamento di un appalto pubblico cosa si intende per procedura aperta?,Un sistema di scelta del contrente che consente a tutti gli operatori economici che possiedono determinati requisiti di presentare la propria offerta,Generazione
318,"Nell'ambito delle procedure di affidamento di un appalto pubblico le fasi del procedimento, nella loro successione temporale, sono:","Determinazione a contrarre, pubblicazione del bando, presentazione delle offerte, valutazione delle offerte, aggiudicazione, stipula del contratto, esecuzione della prestazione",Completamento
319,"Nell'ambito delle procedure di cui al Codice dei Contratti, gli operatori economici possono presentare più di un'offerta?",No,Generazione
320,"Nelle procedure di affidamento di contratti pubblici di lavori, servizi e forniture mediante bando o avviso, il nominativo del responsabile del procedimento:",è indicato nel bando o nell'avviso,Completamento
321,"Nelle procedure di affidamento effettuate nell'ambito dei mercati elettronici, la stazione appaltante:",verifica esclusivamente il possesso da parte dell'aggiudicatario dei requisiti economici e finanziari e tecnico-professionali,Completamento
322,"Nelle procedure di affidamento la stazione appaltante non richiede le garanzie provvisorie, come previsto all'art. 53 comma 1 del D.Lgs.36/2023, nelle procedure relative a:","affidamento diretto per lavori di importo inferiore a 150.000 euro, anche senza consultazione di più operatori economici",Completamento
323,Nelle procedure negoziate con previa indizione di gara:,"qualsiasi operatore economico può presentare una domanda di partecipazione in risposta a un avviso di indizione di gara, fornendo le informazioni richieste dall'ente aggiudicatore per la selezione qualitativa",Completamento
324,"Nelle procedure ristrette quando, per motivi d'urgenza, è impossibile rispettare i termini minimi previsti, l'amministrazione aggiudicatrice può fissare un termine inferiore per la ricezione delle domande di partecipazione?","Sì, può fissare un termine non inferiore a quindici giorni dalla data di trasmissione del bando di gara",Generazione
325,"Nell'esecuzione di appalti pubblici e di concessioni, gli operatori economici sono tenuti a rispettare gli obblighi in materia ambientale, sociale e di lavoro?","Si, sono tenuti a rispettare gli obblighi stabiliti dalla normativa europea e nazionale e dai contratti collettivi",Generazione
326,"Nell'esecuzione di appalti pubblici e di concessioni, gli operatori economici sono tenuti a rispettare gli obblighi in materia di lavoro?","Si, sono tenuti a rispettare gli obblighi stabiliti dalla normativa europea e nazionale e dai contratti collettivi",Generazione
327,"Nell'esecuzione di appalti pubblici e di concessioni, gli operatori economici sono tenuti a rispettare gli obblighi in materia di lavoro?","Sì, sono tenuti a rispettare gli obblighi stabiliti dalla normativa europea e nazionale e dai contratti collettivi",Generazione
328,Ogni atto compiuto dal Punto Ordinante:,"sarà imputato direttamente ed esclusivamente al Soggetto Aggiudicatore di appartenenza, con conseguente obbligo di darne attuazione",Completamento
329,Per affidare dei lavori chi sceglie il contraente?,Il dirigente responsabile del servizio,Generazione
330,"Per aggiudicare appalti nel quadro di un sistema dinamico di acquisizione, le stazioni appaltanti:",pubblicano un avviso di indizione di gara precisando che si tratta di un sistema dinamico di acquisizione,Completamento
331,Per eseguire opere pubbliche di importo superiore a 150.000 € gli operatori economici devono essere in possesso:,della SOA per la categoria e classifica prevista dal bando di gara,Completamento
332,Per essere funzionale la commissione di aggiudicazione deve:,lavorare con il plenum dei suoi componenti,Completamento
333,Per i lavori e i servizi attinenti all'ingegneria e all'architettura il RUP:,deve essere un tecnico,Completamento
334,"Per l'aggiudicazione nell'ambito di un sistema dinamico di acquisizione, ai sensi del'art.32 comma 2 del D.Lgs. 36/2023, le stazioni appaltanti osservano le norma previste:",per la procedura ristretta,Completamento
335,"Per le opere pubbliche di interesse statale, la stazione appaltante trasmette il progetto di fattibilità tecnica ed economica, ai sensi dell'art.38 comma 4 del D.Lgs. 36/2023, al:",Consiglio superiore dei lavori pubblici,Completamento
336,"Per le P.A. indicate dalla legge, l'obbligo di fare ricorso al mercato elettronico della pubblica amministrazione (MEPA):",vige per gli acquisti di beni e servizi di importo pari o superiore a 5.000 euro e al di sotto della soglia di rilievo comunitario,Completamento
337,"Per l'individuazione degli operatori economici che possono presentare offerte per l'affidamento di un contratto pubblico, le stazioni appaltanti utilizzano le procedure previste dal Codice dei contratti pubblici. Quali tra le seguenti è una procedura a carattere eccezionale?",Dialogo competitivo,Generazione
338,"Per l'individuazione degli operatori economici che possono presentare offerte per l'affidamento di un contratto pubblico, le stazioni appaltanti utilizzano le procedure previste dal Codice dei contratti pubblici. Quale tra le seguenti può essere utilizzata in via ordinaria?",Procedura aperta,Generazione
339,"Per l'individuazione degli operatori economici che possono presentare offerte per l'affidamento di un contratto pubblico, le stazioni appaltanti utilizzano le procedure previste dal Codice dei contratti pubblici. Quali tra le seguenti sono procedure che possono essere utilizzate solo quando sussistono particolari presupposti?",Partenariato per l'innovazione - Dialogo competitivo,Generazione
340,"Per l'individuazione degli operatori economici che possono presentare offerte per l'affidamento di un contratto pubblico, le stazioni appaltanti utilizzano le procedure previste dal Codice dei contratti pubblici. Quale tra le seguenti è una procedura utilizzabile solo quando sussistono determinati presupposti?",Dialogo competitivo,Generazione
341,"Per l'individuazione degli operatori economici che possono presentare offerte per l'affidamento di un contratto pubblico, le stazioni appaltanti utilizzano le procedure previste dal Codice dei contratti pubblici. Quale tra le seguenti è una procedura che può essere utilizzata solo quando sussistono particolari presupposti?",Partenariato per l'innovazione,Generazione
342,"Per l'individuazione degli operatori economici che possono presentare offerte per l'affidamento di un contratto pubblico, le stazioni appaltanti utilizzano le procedure previste dal Codice dei contratti pubblici. Quale tra le seguenti è una procedura che può essere utilizzata solo quando sussistono particolari presupposti?",Dialogo competitivo,Generazione
343,"Per l'individuazione degli operatori economici che possono presentare offerte per l'affidamento di un contratto pubblico, le stazioni appaltanti utilizzano le procedure previste dal Codice dei contratti pubblici. Quale tra le seguenti è una procedura che può essere utilizzata solo quando sussistono particolari presupposti?",Procedura competitiva con negoziazione,Generazione
344,"Per l'individuazione degli operatori economici che possono presentare offerte per l'affidamento di un contratto pubblico, le stazioni appaltanti utilizzano le procedure previste dal Codice dei contratti pubblici. Quale tra le seguenti è una procedura a carattere eccezionale?",Procedura negoziata,Generazione
345,"Per l'individuazione degli operatori economici che possono presentare offerte per l'affidamento di un contratto pubblico, le stazioni appaltanti utilizzano le procedure previste dal Codice dei contratti pubblici. Quali tra le seguenti è una procedura ordinaria?",Procedura aperta,Generazione
346,"Per l'individuazione degli operatori economici che possono presentare offerte per l'affidamento di un contratto pubblico, le stazioni appaltanti utilizzano le procedure previste dal Codice dei contratti pubblici. Quali tra le seguenti è una procedura ordinaria?",Procedura ristretta,Generazione
347,"Per l'individuazione degli operatori economici che possono presentare offerte per l'affidamento di un contratto pubblico, le stazioni appaltanti utilizzano le procedure previste dal Codice dei contratti pubblici. Quali tra le seguenti è una procedura a carattere eccezionale?",Procedura negoziata,Generazione
348,"Per l'individuazione degli operatori economici che possono presentare offerte per l'affidamento di un contratto pubblico, le stazioni appaltanti utilizzano le procedure previste dal Codice dei contratti pubblici. Quale tra le seguenti è una procedura ordinaria?",Procedura aperta,Generazione
349,Per ogni singola procedura per l'affidamento di un appalto o di una concessione le stazioni appaltanti individuano un:,"responsabile unico del procedimento (RUP) per le fasi della programmazione, della progettazione, dell'affidamento e dell'esecuzione",Completamento
350,Per ogni singola procedura per l'affidamento di un appalto o di una concessione le stazioni appaltanti individuano:,"un responsabile unico del procedimento (RUP) per le fasi della programmazione, della progettazione, dell'affidamento, dell'esecuzione",Completamento
351,Per ogni singola procedura per l'affidamento di un appalto o di una concessione le stazioni appaltanti nell'atto di adozione o di aggiornamento dei programmi dei lavori pubblici:,"Individuano un responsabile unico del procedimento (RUP) per le fasi della programmazione, della progettazione, dell'affidamento, dell'esecuzione",Completamento
352,Per ogni singola procedura per l'affidamento di un appalto o di una concessione le stazioni appaltanti nominano:,un Responsabile Unico del Procedimento,Completamento
353,Per quale motivo le stazioni appaltanti suddividono gli appalti in lotti funzionali ovvero in lotti prestazionali?,"Per favorire l'accesso delle microimprese, piccole e medie imprese",Generazione
354,"Per soddisfare la richiesta relativa al possesso dei requisiti di carattere economico, finanziario, tecnico e professionale necessari per la partecipazione a un appalto pubblico, un operatore economico può ricorrere:",all'avvalimento,Completamento
355,Per un singolo appalto possono essere indicati più conti correnti dedicati?,"Sì, l'appaltatore/operatore può indicare più conti correnti dedicati per un singolo appalto pubblico",Generazione
356,"Per una Pubblica Amministrazione, quali sono i vantaggi principali nell'uso del Mercato Elettronico (MePA)?",Trasparenza e tracciabilità dell'intero processo d'acquisto,Generazione
357,"Prima dell'avvio delle procedure di affidamento dei contratti pubblici, le stazioni appaltanti:","decretano o determinano di contrarre, individuando gli elementi essenziali del contratto e i criteri di selezione degli operatori economici e delle offerte",Completamento
358,Qual è il termine minimo di ricezione dell'offerta in una gara aperta?,35 giorni dalla pubblicazione del bando,Generazione
359,Qual è la differenza tra procedure aperte e procedure ristrette?,"Nelle procedure aperte tutti gli operatori economici possono partecipare alla gara, mentre in quelle ristrette la procedura di aggiudicazione si svolge tra operatori economici che sono già stati selezionati e invitati dall'Amministrazione aggiudicatrice",Generazione
360,"Qual è la soglia di rilevanza europea, indicata all'art.14 del D.Lgs. 36/2023, per gli appalti pubblici di forniture, di servizi e per i concorsi pubblici di progettazione aggiudicati dalle stazioni appaltanti che sono autorità governative centrali ?",Euro 140.000,Generazione
361,"Qual è la soglia di rilevanza europea, indicata all'art.14 del D.Lgs. 36/2023, per gli appalti pubblici di lavori e per le concessioni?",Euro 5.382.000,Generazione
362,Qual è l'importo unitario delle procedure contenute nel programma biennale di forniture e servizi?,Pari o superiore a 40.000 euro,Generazione
363,Qual è l'intento del legislatore in relazione al Codice dei contratti Pubblici?,"L'intento del legislatore è quello di separare nettamente la fase di scelta del contraente, retta da regole pubblicistiche, che culmina nell'aggiudicazione, dalla fase di stipulazione del contratto, retta da regole di diritto privato",Generazione
364,Qual è una delle principali attività delle Centrali di committenza?,"La conclusione di accordi quadro per lavori, forniture o servizi destinati a stazioni appaltanti",Generazione
365,Quale è il criterio di aggiudicazione usato per i contratti legati ai servizi di ristorazione ospedaliera?,L'offerta economicamente più vantaggiosa,Generazione
366,Quale è il valore massimo per il criterio di aggiudicazione al minor prezzo?,Un milione di euro,Generazione
367,Quale è l'importo per l' acquisizione di beni e servizi sottosoglia nei settori ordinari da parte delle Amministrazioni che non sono Autorità governative centrali?,"215.000,00 euro al netto dell'IVA",Generazione
368,"Quale alternativa di risposta contiene il sistema di scelta ordinario del contraente in cui ogni operatore economico può presentare una domanda di partecipazione, in risposta ad un avviso di indizione di una gara, fornendo le informazioni richieste dall'amministrazione aggiudicatrice, ai fini della selezione qualitativa?",Procedura ristretta,Generazione
369,Quale criterio di aggiudicazione si può applicare in caso di appalto di lavori di importo inferiore ad un milione di euro?,Il minor prezzo e l'offerta economicamente più vantaggiosa,Generazione
370,Quale di questi NON è un elemento essenziale del contratto?,Termine,Generazione
371,Quale ente si occupa di determinare le linee guida per le procedure negoziate?,Anac,Generazione
372,Quale ente si occupa di stabilire le modalità di dettaglio per la formazione degli elenchi degli operatori economici?,L'ANAC con proprie linee guida stabilisce le modalità di dettaglio per la formazione e gestione degli elenchi degli operatori economici,Generazione
373,Quale ente si occupa di stabilire le modalità di dettaglio per la formazione degli elenchi degli operatori economici?,L'ANAC con proprie linee guida stabilisce le modalità di dettaglio per la formazione e gestione degli elenchi degli operatori economici,Generazione
374,Quale normativa regola i rapporti tra Consip spa e il Mef?,"Art.26, Legge 488/99 e successive modificazioni",Generazione
375,Quale organo adotta le linee guida in materia di contratti pubblici?,L'ANAC,Generazione
376,Quale soggetto definisce periodicamente il valore degli appalti sottosoglia?,"La Commissione europea, con apposito provvedimento",Generazione
377,"Quale soggetto, tra quelli elencati di seguito, svolge i compiti di vigilanza e controllo sui contratti pubblici e l'attività di regolazione degli stessi?",L'Autorità Nazionale Anticorruzione (ANAC),Generazione
378,Quale tra le seguenti è una procedura in cui le stazioni appaltanti consultano gli operatori economici da loro scelti e negoziano con uno o più di essi le condizioni dell'appalto?,Procedure negoziate,Generazione
379,Quale tra le seguenti fasi della procedura ad evidenza pubblica viene per prima rispetto alle altre?,Determinazione a contrattare,Generazione
380,Quale tra le seguenti fasi della procedura ad evidenza pubblica viene per prima rispetto alle altre?,Pubblicazione del bando di gara,Generazione
381,Quale tra le seguenti fasi della procedura ad evidenza pubblica viene per prima rispetto alle altre?,Scelta del contraente,Generazione
382,Quale tra le seguenti fasi della procedura ad evidenza pubblica viene per prima rispetto alle altre?,Determinazione a contrattare,Generazione
383,Quale tra le seguenti fasi della procedura ad evidenza pubblica viene per prima rispetto alle altre?,Scelta del contraente,Generazione
384,Quale tra le seguenti fasi della procedura ad evidenza pubblica viene per ultima rispetto alle altre?,Aggiudicazione e stipula del contratto,Generazione
385,"Quali contratti richiedono per il loro perfezionamento, oltre al consenso dei contraenti, la consegna del bene oggetto del contratto?",I contratti reali,Generazione
386,"Quali funzioni ha assunto, a seguito dell'entrata in vigore della Legge 11 agosto 2014, n. 114, di conversione del decreto legge 24 giugno 2014, n.90, la nuova Autorità Nazionale Anticorruzione?","Ha assorbito le funzioni e le risorse dell'ex Autorità per la vigilanza sui contratti pubblici di lavori, servizi e forniture (AVCP)",Generazione
387,Quali istituti possono incidere sulla produzione di effetti del contratto stipulato?,"Recesso, sospensione, risoluzione",Generazione
388,"Quali procedure di scelta del contraente prevista dal Codice dei contratti pubblici consiste in un processo per fasi successive basato su un dispositivo elettronico di presentazione di nuovi prezzi modificati al ribasso o di nuovi valori riguardanti taluni elementi delle offerte, che interviene dopo una prima valutazione completa delle offerte permettendo che la loro classificazione possa essere effettuata sulla base di un trattamento automatico?",Asta elettronica,Generazione
389,Quali sono gli elementi che costituiscono la Determina a contrarre?,La modalità di gara e le clausole contrattuali essenziali,Generazione
390,Quali sono gli elementi che costituiscono la Determina?,La modalità di gara e le clausole contrattuali essenziali,Generazione
391,Quali sono i contenuti obbligatori della determinazione a contrarre?,Gli elementi essenziali del contratto e i criteri di selezione degli operatori economici e delle offerte,Generazione
392,Quali sono i criteri di aggiudicazione che la Pubblica Amministrazione può utilizzare per individuare l'offerta aggiudicataria ?,Il criterio del prezzo più basso ovvero il criterio della offerta economicamente più vantaggiosa,Generazione
393,"Quali sono i principi secondo cui si svolge l'affidamento e l'esecuzione di appalti di opere, lavori, servizi, forniture e concessioni?","Economicità, efficacia, tempestività e correttezza",Generazione
394,Quali sono i requisiti di ordine speciale ai sensi dell'art.100 comma 1 del D.Lgs.36/2023?,L'idoneità professionale; la capacità economica e finanziaria; le capacità tecniche e professionali,Generazione
395,Quali sono i soggetti tenuti all'obbligo della tracciabilità?,"Gli appaltatori di lavori, i prestatori di servizi, i fornitori, i subappaltatori e i subcontraenti della filiera delle imprese, nonché i concessionari di finanziamenti pubblici anche europei a qualsiasi titolo interessati ai lavori, ai servizi e alle forniture",Generazione
396,"Quali sono le irregolarità ""non sanabili"" a mezzo del Soccorso istruttorio?",Le carenze della documentazione che non consentono l'individuazione del contenuto o del soggetto responsabile della stessa e le carenze di elementi dell'offerta tecnica ed economica,Generazione
397,Quali sono le procedure di acquisto attraverso le quali il mercato elettronico offre alle Amministrazioni la possibilità di concludere contratti?,l'ordine d'acquisto (OdA) e la richiesta d'offerta (RdO),Generazione
398,"Quali, tra i segenti settori, rientra nei settori speciali di cui al titolo VI, Capo I del Codice dei Contratti pubblici?","Gas ed Energia termica, Elettricità ed Acqua",Generazione
399,"Qualsiasi soggetto, pubblico o privato, che affida contratti di appalto di lavori, servizi e forniture e che è comunque tenuto, nella scelta del contraente, al rispetto del Codice dei contratti pubblici è:",una stazione appaltante,Completamento
400,Quando avviene la nomina dei commissari che compongono la commissione aggiudicatrice?,Dopo la scadenza del termine fissato per la presentazione dell'offerta,Generazione
401,"Quando i lavori, le forniture o i servizi possono essere forniti unicamente da un determinato operatore economico per una delle ragioni indicate dal codice appalti, le amministrazioni aggiudicatrici possono aggiudicare appalti pubblici mediante:",Procedura negoziata senza previa pubblicazione di un bando di gara,Completamento
402,Quando il contratto si considera concluso?,Quando chi ha fatto la proposta ha conoscenza dell'accettazione dell'altra parte,Generazione
403,Quando il Rup può agire in deroga all'impedimento della stipula del contratto?,Solo in casi di urgenza,Generazione
404,"Quando si hanno più appalti aggiudicati in lotti, come si determina il valore del contratto pubblico?",Il valore è determinato dalla totalità dei lotti,Generazione
405,Quando viene adottata la determinazione a contrarre?,quando occorre attivare il procedimento per l'individuazione del contraente,Generazione
406,Se ad una delle parti è attribuita la facolta' di recedere dal contratto questa puo' essere esercitata finchè il contratto:,Non abbia avuto un principio di esecuzione,Completamento
407,"Se la stazione appaltante decide di utilizzare per l'aggiudicazione di una gara il criterio del minor prezzo, essa deve...",Darne una motivazione adeguata e indicare nel bando il criterio applicato ai fini della selezione della migliore offerta,Completamento
408,Se l'amministrazione aggiudicatrice decide di avvalersi della procedura aperta:,qualsiasi operatore economico interessato può presentare un'offerta,Completamento
409,"Se nessuna offerta, nell'ambito di una procedura di gara ai fini dell'aggiudicazione di un contratto, non risulta conveniente in relazione all'oggetto del contratto stesso, la stazione appaltante...","Può stabilire che non si proceda all'aggiudicazione, soltanto, tuttavia, qualora di tale facoltà sia stata data indicazione espressa nel bando di gara o nella lettera d'invito",Completamento
410,"Secondo il Codice degli Appalti, esiste la possibilità di avvalersi di più ""imprese ausiliarie"":",Si ed in tal caso si configura l'avvalimento plurimo,Completamento
411,"Secondo il Codice degli Appalti, la dichiarazione indicante l'organico medio annuo, rientra nell'elenco esemplificativo di informazioni che le Stazioni Appaltanti possono richiedere ai potenziali offerenti per provare:",la loro capacità tecnico-professionale,Completamento
412,"Secondo il Codice degli Appalti, la produzione di idonee referenze bancarie, rientra nell'elenco esemplificativo di informazioni che le Stazioni Appaltanti possono richiedere ai potenziali offerenti per provare:",la loro capacità economica e finanziaria,Completamento
413,"Secondo il Codice degli Appalti, la Stazione appaltante può chiedere in qualsiasi momento della procedura a qualsiasi offerente di presentare tutti i documenti a comprova della dichiarazioni fornite in sede di presentazione dell'offerta?",Si,Generazione
414,"Secondo il Codice degli appalti, le principali procedure di scelta del contraente sono:","procedura aperta, procedura ristretta e procedura negoziata",Completamento
415,"Secondo il Codice degli appalti, le principali procedure di scelta del contraente sono:","procedura aperta, procedura ristretta e procedura negoziata",Completamento
416,"Secondo il Codice degli Appalti, l'indicazione delle misure di gestione ambientale, rientra nell'elenco esemplificativo di informazioni che le Stazioni Appaltanti possono richiedere ai potenziali offerenti per provare:",la loro capacità tecnico-professionale,Completamento
417,"Secondo il Codice degli Appalti, per ragioni di estrema urgenza derivante da eventi imprevedibili dall'amministrazione aggiudicatrice, quale delle seguenti procedure può essere impiegata?",Procedura negoziata,Generazione
418,"Secondo il Codice degli Appalti, se i lavori, le forniture o i servizi possono essere forniti unicamente da un determinato operatore economico in quanto lo scopo dell'appalto è l'acquisizione di un'opera d'arte o rappresentazione artistica unica, quale delle seguenti procedure può essere impiegata?",Procedura negoziata,Generazione
419,"Secondo il Codice degli Appalti, se i lavori, le forniture o i servizi possono essere forniti unicamente da un determinato operatore economico per assenza di concorrenza a causa di motivi tecnici, quale delle seguenti procedure può essere impiegata?",Procedura negoziata,Generazione
420,"Secondo il Codice degli Appalti, se i lavori, le forniture o i servizi possono essere forniti unicamente da un determinato operatore economico per la tutela dei diritti esclusivi (inclusi i diritti di proprietà intellettuale), quale delle seguenti procedure può essere impiegata?",Procedura negoziata,Generazione
421,"Secondo il Codice degli Appalti, se i lavori, le forniture o i servizi possono essere forniti unicamente da un determinato operatore economico per la tutela dei diritti esclusivi, quale delle seguenti procedure può essere impiegata?","Procedura negoziata, senza previa pubblicazione di un bando di gara",Generazione
422,"Secondo il Codice dei Contratti pubblici, qual è la corretta definizione di ""dialogo competitivo""?","Si tratta di una procedura di scelta del contraente in cui qualsiasi operatore economico può chiedere di partecipare in base ad un bando di gara o ad un avviso di indizione di gara, ma le stazioni appaltanti avviano un dialogo solo con gli operatori che, sulla base delle informazioni fornite, vengono invitate",Generazione
423,"Secondo il codice del Terzo Settore, l'individuazione da parte delle PA, delle organizzazioni di volontariato e delle associazioni di promozione sociale con cui stipulare le convenzione per lo svolgimento in favore di terzi di attivita' o servizi sociali di interesse generale:","Avviene nel rispetto dei principi di imparzialita', pubblicita', trasparenza, partecipazione e parita' di trattamento, mediante procedure comparative riservate alle medesime",Completamento
424,"Secondo il D.Lgs. 36/2023 e s.m.i., come si chiama il soggetto, pubblico o privato, che affida contratti di appalto di lavori, servizi e forniture e che è comunque tenuto, nella scelta del contraente, al rispetto del codice dei contratti pubblici?",stazione appaltante,Generazione
425,"Secondo il D.lgs. 36/2023 e s.m.i., come si chiamano i contratti a titolo oneroso stipulati per iscritto tra uno o più operatori economici e una o più stazioni appaltanti e aventi per oggetto l'esecuzione di lavori?","""Contratti di appalto"" o ""appalti pubblici""",Generazione
426,"Secondo la normativa vigente, chi è il soggetto competente a rogare i contratti di cui l'ente è parte?",Il Segretario comunale,Generazione
427,Secondo l'art.9 comma 4 del D.Lgs n. 36/2023 :,le stazioni appaltanti favoriscono l'inserimento nel contratto di clausole di rinegoziazione,Completamento
428,"Secondo quanto normato dall'art.87, co, 1, del D.Lgs. 36/2023 e s.m.i., il disciplinare di gara:",fissa le regole per lo svolgimento del procedimento di selezione delle offerte,Completamento
429,"Secondo quanto specificato dall'ANAC nelle Linee guida n. 3 afferenti la nomina, ruolo e compiti del RUP per l'affidamento di appalti e concessioni, il RUP può svolgere anche le funzioni di direttore lavori?","Sì, nei limiti delle proprie competenze professionali, a condizione che sia in possesso del titolo di studio, della formazione e dell'esperienza professionale necessaria e che non intervengano cause ostative alla coincidenza delle figure indicate nelle citate Linee guida",Generazione
430,"Secondo quanto stabilito dal codice appalti, riguardo alle Fasi delle procedure di affidamento, quale delle seguenti affermazioni è corretta?","Prima dell'avvio delle procedure di affidamento dei contratti pubblici, le stazioni appaltanti, in conformita' ai propri ordinamenti, decretano o determinano di contrarre",Generazione
431,"Secondo quanto stabilito dal Codice dei contratti, gli atti delle amministrazioni aggiudicatrici relativi alle procedure per l'affidamento di appalti pubblici di lavori e opere devono essere resi pubblici?","Si, devono essere pubblicati nella sezione ""Amministrazione trasparente""",Generazione
432,Si definisce «concessionario»:,un operatore economico cui è stata affidata o aggiudicata una concessione,Completamento
433,Si definiscono offerte anormalmente basse:,"le offerte che appaiono anormalmente basse, sulla base di un giudizio tecnico sulla congruità, serietà, sostenibilità e realizzabilità dell'offerta",Completamento
434,Sono «amministrazioni aggiudicatrici»:,"le amministrazioni dello Stato; gli enti pubblici territoriali; gli altri enti pubblici non economici; gli organismi di diritto pubblico; le associazioni, unioni, consorzi, comunque denominati, costituiti da detti soggetti",Completamento
435,Sono «appalti pubblici»:,"i contratti stipulati per iscritto tra una o più stazioni appaltanti e uno o più operatori economici, aventi per oggetto l'esecuzione di lavori, la fornitura di prodotti e la prestazione di servizi",Completamento
436,Sono «procedure negoziate» :,le procedure di affidamento in cui le stazioni appaltanti consultano gli operatori economici da loro scelti e negoziano con uno o più di essi le condizioni dell'appalto,Completamento
437,Sono esclusi dalla partecipazione alle procedure di appalto di lavori pubblici gli operatori economici che:,si trovino in stato di concordato preventivo,Completamento
438,"Sul MEPA in che modo una Pubblica Amministrazione può negoziare direttamente con un unico operatore economico, in specifiche situazioni, al di sotto di un determinato importo, il prodotto che le interessa?",Attraverso una trattativa diretta,Generazione
439,Tra gli indicatori di rischio corruttivo negli appalti figurano:,il numero delle procedure aggiudicate con il criterio dell'offerta economicamente più vantaggiosa rispetto al totale delle procedure,Completamento
440,Un bene demaniale puo' essere oggetto di contratti che permettono ai privati la sua utilizzazione?,Si,Generazione
441,"Un contratto pubblico può essere stipulato mediante corrispondenza secondo l'uso del commercio, consistente in un apposito scambio di lettere?","Si, nel caso di procedura negoziata ovvero per gli affidamenti di importo non superiore a 40.000 euro",Generazione
442,Un lavoratore autonomo può avere un DURC?,"Sì, sarà espressamente richiesto e acquisito",Generazione
443,Un lavoratore autonomo può avere un DURC?,"Si, sarà espressamente richiesto e acquisito",Generazione
444,Un operatore economico cui è affidato un appalto o una concessione è chiamato:,aggiudicatario,Completamento
445,Un operatore economico cui è affidato un appalto o una concessione si chiama:,aggiudicatario (D.Lgs. 36/2023 e s.m.i.),Completamento
446,Un sistema dinamico di acquisizione viene utilizzato:,"per acquisti di uso corrente, le cui caratteristiche, cosi' come generalmente disponibili sul mercato, soddisfano le esigenze delle stazioni appaltanti",Completamento
447,Una delle causali per la riduzione dei termini minimi di presentazione dell'offerta può essere:,l'urgenza anche se questa debba essere poi correttamente motivata,Completamento
448,"Una delle fasi del procedimento ad evidenza pubblica è l'individuazione dell'operatore economico con il quale addivenire al contratto. Oltre alla procedura aperta quale dei seguenti sistemi di individuazione dell'operatore economico è considerato ""ordinario""?",Procedura ristretta,Generazione
449,Una delle fasi del procedimento ad evidenza pubblica è l'individuazione dell'operatore economico con il quale addivenire al contratto. Quale tra i seguenti è il sistema di scelta ordinario del contraente in cui ogni operatore economico interessato può presentare un'offerta in risposta a un avviso di indizione di una gara?,Procedura aperta,Generazione
450,Vi è equivalenza tra i termini minimi per la presentazione di offerta nelle procedure aperte e ristrette?,"No, il limite temporale è diversificato proprio in funzione della procedura",Generazione
